INSERT INTO Showroom (room_number, number_of_seats) VALUES
(1, 96),
(2, 96),
(3, 96),
(4, 96);

INSERT INTO Seat (seat_number, room_id) VALUES
('A1',1),('A2',1),('A3',1),('A4',1),('A5',1),('A6',1),('A7',1),('A8',1),('A9',1),('A10',1),('A11',1),('A12',1),
('B1',1),('B2',1),('B3',1),('B4',1),('B5',1),('B6',1),('B7',1),('B8',1),('B9',1),('B10',1),('B11',1),('B12',1),
('C1',1),('C2',1),('C3',1),('C4',1),('C5',1),('C6',1),('C7',1),('C8',1),('C9',1),('C10',1),('C11',1),('C12',1),
('D1',1),('D2',1),('D3',1),('D4',1),('D5',1),('D6',1),('D7',1),('D8',1),('D9',1),('D10',1),('D11',1),('D12',1),
('E1',1),('E2',1),('E3',1),('E4',1),('E5',1),('E6',1),('E7',1),('E8',1),('E9',1),('E10',1),('E11',1),('E12',1),
('F1',1),('F2',1),('F3',1),('F4',1),('F5',1),('F6',1),('F7',1),('F8',1),('F9',1),('F10',1),('F11',1),('F12',1),
('G1',1),('G2',1),('G3',1),('G4',1),('G5',1),('G6',1),('G7',1),('G8',1),('G9',1),('G10',1),('G11',1),('G12',1),
('H1',1),('H2',1),('H3',1),('H4',1),('H5',1),('H6',1),('H7',1),('H8',1),('H9',1),('H10',1),('H11',1),('H12',1),
('A1',2),('A2',2),('A3',2),('A4',2),('A5',2),('A6',2),('A7',2),('A8',2),('A9',2),('A10',2),('A11',2),('A12',2),
('B1',2),('B2',2),('B3',2),('B4',2),('B5',2),('B6',2),('B7',2),('B8',2),('B9',2),('B10',2),('B11',2),('B12',2),
('C1',2),('C2',2),('C3',2),('C4',2),('C5',2),('C6',2),('C7',2),('C8',2),('C9',2),('C10',2),('C11',2),('C12',2),
('D1',2),('D2',2),('D3',2),('D4',2),('D5',2),('D6',2),('D7',2),('D8',2),('D9',2),('D10',2),('D11',2),('D12',2),
('E1',2),('E2',2),('E3',2),('E4',2),('E5',2),('E6',2),('E7',2),('E8',2),('E9',2),('E10',2),('E11',2),('E12',2),
('F1',2),('F2',2),('F3',2),('F4',2),('F5',2),('F6',2),('F7',2),('F8',2),('F9',2),('F10',2),('F11',2),('F12',2),
('G1',2),('G2',2),('G3',2),('G4',2),('G5',2),('G6',2),('G7',2),('G8',2),('G9',2),('G10',2),('G11',2),('G12',2),
('H1',2),('H2',2),('H3',2),('H4',2),('H5',2),('H6',2),('H7',2),('H8',2),('H9',2),('H10',2),('H11',2),('H12',2),
-- Room 3
('A1',3),('A2',3),('A3',3),('A4',3),('A5',3),('A6',3),('A7',3),('A8',3),('A9',3),('A10',3),('A11',3),('A12',3),
('B1',3),('B2',3),('B3',3),('B4',3),('B5',3),('B6',3),('B7',3),('B8',3),('B9',3),('B10',3),('B11',3),('B12',3),
('C1',3),('C2',3),('C3',3),('C4',3),('C5',3),('C6',3),('C7',3),('C8',3),('C9',3),('C10',3),('C11',3),('C12',3),
('D1',3),('D2',3),('D3',3),('D4',3),('D5',3),('D6',3),('D7',3),('D8',3),('D9',3),('D10',3),('D11',3),('D12',3),
('E1',3),('E2',3),('E3',3),('E4',3),('E5',3),('E6',3),('E7',3),('E8',3),('E9',3),('E10',3),('E11',3),('E12',3),
('F1',3),('F2',3),('F3',3),('F4',3),('F5',3),('F6',3),('F7',3),('F8',3),('F9',3),('F10',3),('F11',3),('F12',3),
('G1',3),('G2',3),('G3',3),('G4',3),('G5',3),('G6',3),('G7',3),('G8',3),('G9',3),('G10',3),('G11',3),('G12',3),
('H1',3),('H2',3),('H3',3),('H4',3),('H5',3),('H6',3),('H7',3),('H8',3),('H9',3),('H10',3),('H11',3),('H12',3),
-- Room 4
('A1',4),('A2',4),('A3',4),('A4',4),('A5',4),('A6',4),('A7',4),('A8',4),('A9',4),('A10',4),('A11',4),('A12',4),
('B1',4),('B2',4),('B3',4),('B4',4),('B5',4),('B6',4),('B7',4),('B8',4),('B9',4),('B10',4),('B11',4),('B12',4),
('C1',4),('C2',4),('C3',4),('C4',4),('C5',4),('C6',4),('C7',4),('C8',4),('C9',4),('C10',4),('C11',4),('C12',4),
('D1',4),('D2',4),('D3',4),('D4',4),('D5',4),('D6',4),('D7',4),('D8',4),('D9',4),('D10',4),('D11',4),('D12',4),
('E1',4),('E2',4),('E3',4),('E4',4),('E5',4),('E6',4),('E7',4),('E8',4),('E9',4),('E10',4),('E11',4),('E12',4),
('F1',4),('F2',4),('F3',4),('F4',4),('F5',4),('F6',4),('F7',4),('F8',4),('F9',4),('F10',4),('F11',4),('F12',4),
('G1',4),('G2',4),('G3',4),('G4',4),('G5',4),('G6',4),('G7',4),('G8',4),('G9',4),('G10',4),('G11',4),('G12',4),
('H1',4),('H2',4),('H3',4),('H4',4),('H5',4),('H6',4),('H7',4),('H8',4),('H9',4),('H10',4),('H11',4),('H12',4);

INSERT INTO Promotion (code, discount_percentage, start_date, end_date, tickets_available) VALUES
('WELCOME10', 10.0, '2026-04-01', '2026-04-30', 100),
('SUMMER20', 20.0, '2026-06-01', '2026-08-31', 500);

INSERT INTO User (email, password, first_name, last_name, role, account_status)
VALUES (
    'admin@cinemabooking.com',
    '$2b$12$KIXn7rHQL5L0Eup3vMnVeeSBCMQb4Y7JxHFCGvHzSl6VTT0FBJlwu',
    'Admin',
    'User',
    'admin',
    'Active'
);

INSERT INTO Movie (title, genre, rating, description, poster_url, trailer_url, status)
VALUES 

('The Godfather', 'Crime', 'R', 'mob life', 'https://image.tmdb.org/t/p/w500/3bhkrj58Vtu7enYsRolD1fZdja1.jpg', 'https://www.youtube.com/embed/sY1S34973zA', 'Currently Running'),
('Pulp Fiction', 'Crime', 'R', 'pulp fiction life', 'https://image.tmdb.org/t/p/w500/d5iIlFn5s0ImszYzBPb8JPIfbXD.jpg', 'https://www.youtube.com/embed/s7EdQ4FqbhY', 'Currently Running'),
('The Shawshank Redemption', 'Drama', 'R', 'prison life', 'https://image.tmdb.org/t/p/w500/q6y0Go1tsGEsmtFryDOJo3dEmqu.jpg', 'https://www.youtube.com/embed/6hB3S9bIaco', 'Currently Running'),
('Spirited Away', 'Animation', 'PG', 'anime movie', 'https://image.tmdb.org/t/p/w500/39wmItIWsg5sZMyRUHLkWBcuVCM.jpg', 'https://www.youtube.com/embed/ByXuk9QqQmc', 'Currently Running'),
('Jurassic Park', 'Sci-Fi', 'PG-13', 'dinosaur rawr', 'https://image.tmdb.org/t/p/w500/9i3plLl89DHMz7mahksDaAo7HIS.jpg', 'https://www.youtube.com/embed/lc0UehYemQA', 'Currently Running'),
('Inception', 'Sci-Fi', 'PG-13', 'a thief enters the dreams of others', 'https://image.tmdb.org/t/p/w500/9gk7adHYeDvHkCSEqAvQNLV5Uge.jpg', 'https://www.youtube.com/embed/YoHD9XEInc0', 'Currently Running'),
('Interstellar', 'Sci-Fi', 'PG-13', 'astronauts travel through a wormhole', 'https://image.tmdb.org/t/p/w500/gEU2QniE6E77NI6lCU6MxlNBvIx.jpg', 'https://www.youtube.com/embed/zSWdZVtXT7E', 'Currently Running'),
('The Lion King', 'Animation', 'G', 'a lion cub grows up to reclaim his throne', 'https://image.tmdb.org/t/p/w500/sKCr78MXSLixwmZ8DyJLrpMsd15.jpg', 'https://www.youtube.com/embed/4sj1MT05lAA', 'Currently Running'),
('Goodfellas', 'Crime', 'R', 'rise and fall of a mob associate', 'https://image.tmdb.org/t/p/w500/aKuFiU82s5ISJpGZp7YkIr3kCUd.jpg', 'https://www.youtube.com/embed/qo5jJpHtI1Y', 'Currently Running'),
('The Silence of the Lambs', 'Thriller', 'R', 'an FBI trainee hunts a serial killer', 'https://image.tmdb.org/t/p/w500/uS9m8OBk1A8eM9I042bx8XXpqAq.jpg', 'https://www.youtube.com/embed/W6Mm8Sbe__o', 'Currently Running'),
('Forrest Gump', 'Drama', 'PG-13', 'a kind-hearted man witnesses history unfold', 'https://image.tmdb.org/t/p/w500/arw2vcBveWOVZr6pxd9XTd1TdQa.jpg', 'https://www.youtube.com/embed/bLvqoHBptjg', 'Currently Running'),
('Parasite', 'Thriller', 'R', 'two families from different classes collide', 'https://image.tmdb.org/t/p/w500/7IiTTgloJzvGI1TAYymCfbfl3vT.jpg', 'https://www.youtube.com/embed/5xH0HfJHsaY', 'Currently Running'),
('The Matrix', 'Sci-Fi', 'R', 'a hacker discovers reality is a simulation', 'https://image.tmdb.org/t/p/w500/f89U3ADr1oiB1s9GkdPOEpXUk5H.jpg', 'https://www.youtube.com/embed/vKQi3bBA1y8', 'Currently Running'),
('Schindlers List', 'Drama', 'R', 'a businessman saves Jews during the Holocaust', 'https://image.tmdb.org/t/p/w500/sF1U4EUQS8YHUYjNl3pMGNIQyr0.jpg', 'https://www.youtube.com/embed/gG22XNhtnoY', 'Currently Running'),
--
('Saving Private Ryan', 'War', 'R', 'a group of soldiers go behind enemy lines to find a paratrooper', 'https://image.tmdb.org/t/p/w500/uqx37cS8cpHg8U35f9U5IBlrCV3.jpg', 'https://www.youtube.com/embed/9CiW_DgxCnQ', 'Coming Soon'),
('Taxi Driver', 'Crime', 'R', 'a mentally unstable veteran works as a night taxi driver in New York', 'https://image.tmdb.org/t/p/w500/ekstpH614fwDX8DUln1a2Opz0N8.jpg', 'https://www.youtube.com/embed/UUxoENqAMGk', 'Coming Soon'),
('Gladiator', 'Action', 'R', 'a Roman general seeks revenge after being betrayed and enslaved', 'https://image.tmdb.org/t/p/w500/ty8TGRuvJLPUmAR1H1nRIsgwvim.jpg', 'https://www.youtube.com/embed/owK1qxDselE', 'Coming Soon'),
('Memento', 'Thriller', 'R', 'a man with short-term memory loss hunts his wifes killer', 'https://image.tmdb.org/t/p/w500/yuNs09hvpHVU1cBTCAk9zxsL2oW.jpg', 'https://www.youtube.com/embed/0vS0E9bBSL0', 'Coming Soon'),
('The Pianist', 'Drama', 'R', 'a Jewish pianist survives the destruction of the Warsaw ghetto', 'https://image.tmdb.org/t/p/w500/2hFvxCCWrTmCYwfy7yum0GKRi3Y.jpg', 'https://www.youtube.com/embed/BFwGqLa_oAo', 'Coming Soon'),
('The Grand Budapest Hotel', 'Comedy', 'R', 'a legendary concierge and his lobby boy go on a wild adventure', 'https://image.tmdb.org/t/p/w500/eWdyYQreja6JGCzqHWXpWHDrrPo.jpg', 'https://www.youtube.com/embed/1Fg5iWmQjwk', 'Coming Soon'),
('Mad Max: Fury Road', 'Action', 'R', 'a woman rebels against a tyrant in a post-apocalyptic wasteland', 'https://image.tmdb.org/t/p/w500/8tZYtuWezp8JbcsvHYO0O46tFbo.jpg', 'https://www.youtube.com/embed/hEJnMQG9ev8', 'Coming Soon'),
('The Truman Show', 'Drama', 'PG', 'a man discovers his entire life is a reality TV show', 'https://image.tmdb.org/t/p/w500/vuza0WqY239yBXOadKlGwJsZJFE.jpg', 'https://www.youtube.com/embed/dlnmQbPGuls', 'Coming Soon'),
('Eternal Sunshine of the Spotless Mind', 'Romance', 'R', 'a couple erases each other from their memories after a breakup', 'https://image.tmdb.org/t/p/w500/5MwkWH9tYHv3mV9OdYTMR5qreIz.jpg', 'https://www.youtube.com/embed/07-QBnEkgXU', 'Coming Soon'),
('Oldboy', 'Thriller', 'R', 'a man imprisoned for 15 years seeks revenge after his release', 'https://image.tmdb.org/t/p/w500/pWDtjs568ZfOTMbURQBYuT4Qxka.jpg', 'https://www.youtube.com/embed/2GBrFHysEvo', 'Coming Soon');

INSERT INTO Showtime (movie_id, room_id, show_date, show_time)
VALUES
-- 2026-03-06
(1,  1, '2026-03-06', '10:00:00'),
(2,  2, '2026-03-06', '11:00:00'),
(3,  3, '2026-03-06', '13:00:00'),
(4,  4, '2026-03-06', '15:00:00'),
(5,  1, '2026-03-06', '17:00:00'),
(6,  2, '2026-03-06', '18:00:00'),
(7,  3, '2026-03-06', '19:00:00'),
(8,  4, '2026-03-06', '20:00:00'),
(9,  1, '2026-03-06', '21:00:00'),
(10, 2, '2026-03-06', '21:30:00'),

-- 2026-03-07
(1,  3, '2026-03-07', '09:00:00'),
(2,  4, '2026-03-07', '11:00:00'),
(3,  1, '2026-03-07', '13:30:00'),
(4,  2, '2026-03-07', '15:00:00'),
(5,  3, '2026-03-07', '16:00:00'),
(6,  4, '2026-03-07', '17:30:00'),
(7,  1, '2026-03-07', '19:00:00'),
(8,  2, '2026-03-07', '20:00:00'),
(9,  3, '2026-03-07', '21:00:00'),
(10, 4, '2026-03-07', '21:30:00'),

-- 2026-03-08
(1,  2, '2026-03-08', '10:30:00'),
(2,  3, '2026-03-08', '12:00:00'),
(3,  4, '2026-03-08', '14:00:00'),
(4,  1, '2026-03-08', '15:30:00'),
(5,  2, '2026-03-08', '17:00:00'),
(6,  3, '2026-03-08', '18:30:00'),
(7,  4, '2026-03-08', '19:00:00'),
(8,  1, '2026-03-08', '20:30:00'),
(9,  2, '2026-03-08', '21:00:00'),
(10, 3, '2026-03-08', '21:30:00'),

-- 2026-03-09
(1,  4, '2026-03-09', '11:00:00'),
(2,  1, '2026-03-09', '13:00:00'),
(3,  2, '2026-03-09', '14:30:00'),
(4,  3, '2026-03-09', '16:00:00'),
(5,  4, '2026-03-09', '17:30:00'),
(6,  1, '2026-03-09', '18:00:00'),
(7,  2, '2026-03-09', '19:30:00'),
(8,  3, '2026-03-09', '20:00:00'),
(9,  4, '2026-03-09', '21:00:00'),
(10, 1, '2026-03-09', '21:30:00'),

-- 2026-03-10
(1,  1, '2026-03-10', '10:00:00'),
(2,  2, '2026-03-10', '12:30:00'),
(3,  3, '2026-03-10', '14:00:00'),
(4,  4, '2026-03-10', '15:30:00'),
(5,  1, '2026-03-10', '17:00:00'),
(6,  2, '2026-03-10', '18:30:00'),
(7,  3, '2026-03-10', '19:00:00'),
(8,  4, '2026-03-10', '20:30:00'),
(9,  1, '2026-03-10', '21:00:00'),
(10, 2, '2026-03-10', '21:30:00'),

(11, 1, '2026-03-11', '10:00:00'),
(12, 2, '2026-03-11', '10:30:00'),
(13, 3, '2026-03-11', '11:00:00'),
(14, 4, '2026-03-11', '11:30:00'),

(11, 1, '2026-03-11', '13:00:00'),
(12, 2, '2026-03-11', '13:30:00'),
(13, 3, '2026-03-11', '14:00:00'),
(14, 4, '2026-03-11', '14:30:00'),

(11, 1, '2026-03-11', '16:00:00'),
(12, 2, '2026-03-11', '16:30:00'),
(13, 3, '2026-03-11', '17:00:00'),
(14, 4, '2026-03-11', '17:30:00'),

(11, 1, '2026-03-11', '19:00:00'),
(12, 2, '2026-03-11', '19:30:00'),
(13, 3, '2026-03-11', '20:00:00'),
(14, 4, '2026-03-11', '20:30:00'),

-- 2026-03-12
(11, 2, '2026-03-12', '10:00:00'),
(12, 3, '2026-03-12', '10:30:00'),
(13, 4, '2026-03-12', '11:00:00'),
(14, 1, '2026-03-12', '11:30:00'),

(11, 2, '2026-03-12', '13:00:00'),
(12, 3, '2026-03-12', '13:30:00'),
(13, 4, '2026-03-12', '14:00:00'),
(14, 1, '2026-03-12', '14:30:00'),

(11, 2, '2026-03-12', '16:00:00'),
(12, 3, '2026-03-12', '16:30:00'),
(13, 4, '2026-03-12', '17:00:00'),
(14, 1, '2026-03-12', '17:30:00'),

(11, 2, '2026-03-12', '19:00:00'),
(12, 3, '2026-03-12', '19:30:00'),
(13, 4, '2026-03-12', '20:00:00'),
(14, 1, '2026-03-12', '20:30:00'),

-- 2026-03-13
(11, 3, '2026-03-13', '10:00:00'),
(12, 4, '2026-03-13', '10:30:00'),
(13, 1, '2026-03-13', '11:00:00'),
(14, 2, '2026-03-13', '11:30:00'),

(11, 3, '2026-03-13', '13:00:00'),
(12, 4, '2026-03-13', '13:30:00'),
(13, 1, '2026-03-13', '14:00:00'),
(14, 2, '2026-03-13', '14:30:00'),

(11, 3, '2026-03-13', '16:00:00'),
(12, 4, '2026-03-13', '16:30:00'),
(13, 1, '2026-03-13', '17:00:00'),
(14, 2, '2026-03-13', '17:30:00'),

(11, 3, '2026-03-13', '19:00:00'),
(12, 4, '2026-03-13', '19:30:00'),
(13, 1, '2026-03-13', '20:00:00'),
(14, 2, '2026-03-13', '20:30:00');
