INSERT INTO Showroom (room_number, number_of_seats) VALUES
(1, 96),
(2, 96),
(3, 96),
(4, 96);

INSERT INTO Seat (seat_number, room_id) VALUES
('A1',1),('A2',1),('A3',1),('A4',1),('A5',1),('A6',1),('A7',1),('A8',1),('A9',1),('A10',1),('A11',1),('A12',1),
('B1',1),('B2',1),('B3',1),('B4',1),('B5',1),('B6',1),('B7',1),('B8',1),('B9',1),('B10',1),('B11',1),('B12',1),
('C1',1),('C2',1),('C3',1),('C4',1),('C5',1),('C6',1),('C7',1),('C8',1),('C9',1),('C10',1),('C11',1),('C12',1),
('D1',1),('D2',1),('D3',1),('D4',1),('D5',1),('D6',1),('D7',1),('D8',1),('D9',1),('D10',1),('D11',1),('D12',1),
('E1',1),('E2',1),('E3',1),('E4',1),('E5',1),('E6',1),('E7',1),('E8',1),('E9',1),('E10',1),('E11',1),('E12',1),
('F1',1),('F2',1),('F3',1),('F4',1),('F5',1),('F6',1),('F7',1),('F8',1),('F9',1),('F10',1),('F11',1),('F12',1),
('G1',1),('G2',1),('G3',1),('G4',1),('G5',1),('G6',1),('G7',1),('G8',1),('G9',1),('G10',1),('G11',1),('G12',1),
('H1',1),('H2',1),('H3',1),('H4',1),('H5',1),('H6',1),('H7',1),('H8',1),('H9',1),('H10',1),('H11',1),('H12',1),
('A1',2),('A2',2),('A3',2),('A4',2),('A5',2),('A6',2),('A7',2),('A8',2),('A9',2),('A10',2),('A11',2),('A12',2),
('B1',2),('B2',2),('B3',2),('B4',2),('B5',2),('B6',2),('B7',2),('B8',2),('B9',2),('B10',2),('B11',2),('B12',2),
('C1',2),('C2',2),('C3',2),('C4',2),('C5',2),('C6',2),('C7',2),('C8',2),('C9',2),('C10',2),('C11',2),('C12',2),
('D1',2),('D2',2),('D3',2),('D4',2),('D5',2),('D6',2),('D7',2),('D8',2),('D9',2),('D10',2),('D11',2),('D12',2),
('E1',2),('E2',2),('E3',2),('E4',2),('E5',2),('E6',2),('E7',2),('E8',2),('E9',2),('E10',2),('E11',2),('E12',2),
('F1',2),('F2',2),('F3',2),('F4',2),('F5',2),('F6',2),('F7',2),('F8',2),('F9',2),('F10',2),('F11',2),('F12',2),
('G1',2),('G2',2),('G3',2),('G4',2),('G5',2),('G6',2),('G7',2),('G8',2),('G9',2),('G10',2),('G11',2),('G12',2),
('H1',2),('H2',2),('H3',2),('H4',2),('H5',2),('H6',2),('H7',2),('H8',2),('H9',2),('H10',2),('H11',2),('H12',2),
-- Room 3
('A1',3),('A2',3),('A3',3),('A4',3),('A5',3),('A6',3),('A7',3),('A8',3),('A9',3),('A10',3),('A11',3),('A12',3),
('B1',3),('B2',3),('B3',3),('B4',3),('B5',3),('B6',3),('B7',3),('B8',3),('B9',3),('B10',3),('B11',3),('B12',3),
('C1',3),('C2',3),('C3',3),('C4',3),('C5',3),('C6',3),('C7',3),('C8',3),('C9',3),('C10',3),('C11',3),('C12',3),
('D1',3),('D2',3),('D3',3),('D4',3),('D5',3),('D6',3),('D7',3),('D8',3),('D9',3),('D10',3),('D11',3),('D12',3),
('E1',3),('E2',3),('E3',3),('E4',3),('E5',3),('E6',3),('E7',3),('E8',3),('E9',3),('E10',3),('E11',3),('E12',3),
('F1',3),('F2',3),('F3',3),('F4',3),('F5',3),('F6',3),('F7',3),('F8',3),('F9',3),('F10',3),('F11',3),('F12',3),
('G1',3),('G2',3),('G3',3),('G4',3),('G5',3),('G6',3),('G7',3),('G8',3),('G9',3),('G10',3),('G11',3),('G12',3),
('H1',3),('H2',3),('H3',3),('H4',3),('H5',3),('H6',3),('H7',3),('H8',3),('H9',3),('H10',3),('H11',3),('H12',3),
-- Room 4
('A1',4),('A2',4),('A3',4),('A4',4),('A5',4),('A6',4),('A7',4),('A8',4),('A9',4),('A10',4),('A11',4),('A12',4),
('B1',4),('B2',4),('B3',4),('B4',4),('B5',4),('B6',4),('B7',4),('B8',4),('B9',4),('B10',4),('B11',4),('B12',4),
('C1',4),('C2',4),('C3',4),('C4',4),('C5',4),('C6',4),('C7',4),('C8',4),('C9',4),('C10',4),('C11',4),('C12',4),
('D1',4),('D2',4),('D3',4),('D4',4),('D5',4),('D6',4),('D7',4),('D8',4),('D9',4),('D10',4),('D11',4),('D12',4),
('E1',4),('E2',4),('E3',4),('E4',4),('E5',4),('E6',4),('E7',4),('E8',4),('E9',4),('E10',4),('E11',4),('E12',4),
('F1',4),('F2',4),('F3',4),('F4',4),('F5',4),('F6',4),('F7',4),('F8',4),('F9',4),('F10',4),('F11',4),('F12',4),
('G1',4),('G2',4),('G3',4),('G4',4),('G5',4),('G6',4),('G7',4),('G8',4),('G9',4),('G10',4),('G11',4),('G12',4),
('H1',4),('H2',4),('H3',4),('H4',4),('H5',4),('H6',4),('H7',4),('H8',4),('H9',4),('H10',4),('H11',4),('H12',4);

INSERT INTO Promotion (code, discount_percentage, start_date, end_date, tickets_available) VALUES
('WELCOME10', 10.0, '2026-04-01', '2026-04-30', 100),
('SUMMER20', 20.0, '2026-06-01', '2026-08-31', 500);

INSERT INTO User (email, password, first_name, last_name, role, account_status)
VALUES (
    'admin@cinemabooking.com',
    '$2b$12$KIXn7rHQL5L0Eup3vMnVeeSBCMQb4Y7JxHFCGvHzSl6VTT0FBJlwu',
    'Admin',
    'User',
    'admin',
    'Active'
);

INSERT INTO Movie (title, genre, rating, description, poster_url, trailer_url, status)
VALUES 

('The Godfather', 'Crime', 'R', 'mob life', 'https://image.tmdb.org/t/p/w500/3bhkrj58Vtu7enYsRolD1fZdja1.jpg', 'https://www.youtube.com/embed/sY1S34973zA', 'Currently Running'),
('Pulp Fiction', 'Crime', 'R', 'pulp fiction life', 'https://image.tmdb.org/t/p/w500/d5iIlFn5s0ImszYzBPb8JPIfbXD.jpg', 'https://www.youtube.com/embed/s7EdQ4FqbhY', 'Currently Running'),
('The Shawshank Redemption', 'Drama', 'R', 'prison life', 'https://image.tmdb.org/t/p/w500/q6y0Go1tsGEsmtFryDOJo3dEmqu.jpg', 'https://www.youtube.com/embed/6hB3S9bIaco', 'Currently Running'),
('Spirited Away', 'Animation', 'PG', 'anime movie', 'https://image.tmdb.org/t/p/w500/39wmItIWsg5sZMyRUHLkWBcuVCM.jpg', 'https://www.youtube.com/embed/ByXuk9QqQmc', 'Currently Running'),
('Jurassic Park', 'Sci-Fi', 'PG-13', 'dinosaur rawr', 'https://image.tmdb.org/t/p/w500/9i3plLl89DHMz7mahksDaAo7HIS.jpg', 'https://www.youtube.com/embed/lc0UehYemQA', 'Currently Running'),
('Inception', 'Sci-Fi', 'PG-13', 'a thief enters the dreams of others', 'https://image.tmdb.org/t/p/w500/9gk7adHYeDvHkCSEqAvQNLV5Uge.jpg', 'https://www.youtube.com/embed/YoHD9XEInc0', 'Currently Running'),
('Interstellar', 'Sci-Fi', 'PG-13', 'astronauts travel through a wormhole', 'https://image.tmdb.org/t/p/w500/gEU2QniE6E77NI6lCU6MxlNBvIx.jpg', 'https://www.youtube.com/embed/zSWdZVtXT7E', 'Currently Running'),
('The Lion King', 'Animation', 'G', 'a lion cub grows up to reclaim his throne', 'https://image.tmdb.org/t/p/w500/sKCr78MXSLixwmZ8DyJLrpMsd15.jpg', 'https://www.youtube.com/embed/4sj1MT05lAA', 'Currently Running'),
('Goodfellas', 'Crime', 'R', 'rise and fall of a mob associate', 'https://image.tmdb.org/t/p/w500/aKuFiU82s5ISJpGZp7YkIr3kCUd.jpg', 'https://www.youtube.com/embed/qo5jJpHtI1Y', 'Currently Running'),
('The Silence of the Lambs', 'Thriller', 'R', 'an FBI trainee hunts a serial killer', 'https://image.tmdb.org/t/p/w500/uS9m8OBk1A8eM9I042bx8XXpqAq.jpg', 'https://www.youtube.com/embed/W6Mm8Sbe__o', 'Currently Running'),
('Forrest Gump', 'Drama', 'PG-13', 'a kind-hearted man witnesses history unfold', 'https://image.tmdb.org/t/p/w500/arw2vcBveWOVZr6pxd9XTd1TdQa.jpg', 'https://www.youtube.com/embed/bLvqoHBptjg', 'Currently Running'),
('Parasite', 'Thriller', 'R', 'two families from different classes collide', 'https://image.tmdb.org/t/p/w500/7IiTTgloJzvGI1TAYymCfbfl3vT.jpg', 'https://www.youtube.com/embed/5xH0HfJHsaY', 'Currently Running'),
('The Matrix', 'Sci-Fi', 'R', 'a hacker discovers reality is a simulation', 'https://image.tmdb.org/t/p/w500/f89U3ADr1oiB1s9GkdPOEpXUk5H.jpg', 'https://www.youtube.com/embed/vKQi3bBA1y8', 'Currently Running'),
('Schindlers List', 'Drama', 'R', 'a businessman saves Jews during the Holocaust', 'https://image.tmdb.org/t/p/w500/sF1U4EUQS8YHUYjNl3pMGNIQyr0.jpg', 'https://www.youtube.com/embed/gG22XNhtnoY', 'Currently Running'),
--
('2001: A Space Odyssey', 'Sci-Fi', 'G', 'flying through space', 'https://image.tmdb.org/t/p/w500/ve72VxNqjGM69Uky4WToA3q0uRf.jpg', 'https://www.youtube.com/embed/oR_e9y-bka0', 'Coming Soon'),
('Casablanca', 'Romance', 'PG', 'love', 'https://image.tmdb.org/t/p/w500/5K7cOHoay2mZusSLezBOY0Qxh8a.jpg', 'https://www.youtube.com/embed/BkL9l7qovsE', 'Coming Soon'),
('The Shining', 'Horror', 'R', 'scary', 'https://image.tmdb.org/t/p/w500/9fgh3Ns1iRzlQNYuJyK0ARQZU7w.jpg', 'https://www.youtube.com/embed/5Cb3ik6zP2I', 'Coming Soon'),
('Singin in the Rain', 'Musical', 'G', 'singing', 'https://image.tmdb.org/t/p/w500/w03EiJVHP8Un77boQeE7hg9DVdU.jpg', 'https://www.youtube.com/embed/5_EVHeNEIJY', 'Coming Soon'),
('Seven Samurai', 'Action', 'NR', 'samurai movie', 'https://image.tmdb.org/t/p/w500/8OKmBV5BUFzmozIC3pPWKHy17kx.jpg', 'https://www.youtube.com/embed/7mw6LyyoeGE', 'Coming Soon'),
('Apocalypse Now', 'War', 'R', 'a soldier journeys into the heart of darkness', 'https://image.tmdb.org/t/p/w500/gQB8Y5RCMkv2zwzFHbUJX3kAhvA.jpg', 'https://www.youtube.com/embed/FqCODMYFtMg', 'Coming Soon'),
('Blade Runner 2049', 'Sci-Fi', 'R', 'a blade runner uncovers a buried secret', 'https://image.tmdb.org/t/p/w500/gajva4NQMcsR8mFhVQAHCBOGEWY.jpg', 'https://www.youtube.com/embed/gCcx85zbxz4', 'Coming Soon'),
('La La Land', 'Musical', 'PG-13', 'a musician and an actress fall in love in LA', 'https://image.tmdb.org/t/p/w500/uDO8zWDhfWwoFdKS4fzkUJt0Rf0.jpg', 'https://www.youtube.com/embed/0pdqf4P9MB8', 'Coming Soon'),
('No Country for Old Men', 'Thriller', 'R', 'a hunter stumbles upon a drug deal gone wrong', 'https://image.tmdb.org/t/p/w500/6467ik5PbzOtB4VFkZKAa1J0yhZ.jpg', 'https://www.youtube.com/embed/38A__WT3-o0', 'Coming Soon'),
('WALL-E', 'Animation', 'G', 'a lonely robot falls in love while saving Earth', 'https://image.tmdb.org/t/p/w500/hbhFnRzzg6ZDmm8YAmxBnQpQIPh.jpg', 'https://www.youtube.com/embed/alIq_wG9FNk', 'Coming Soon'),
('Amadeus', 'Drama', 'PG', 'the rivalry between Mozart and Salieri', 'https://image.tmdb.org/t/p/w500/tnPqbOGS6V7rUDMtNEMGPB9p6sJ.jpg', 'https://www.youtube.com/embed/SfsuxuSEHbA', 'Coming Soon'),
('Alien', 'Horror', 'R', 'a crew encounters a deadly extraterrestrial', 'https://image.tmdb.org/t/p/w500/vfrQk5IPloGg1v9Rzbh2Eg3VGyM.jpg', 'https://www.youtube.com/embed/LjLamj-b0I8', 'Coming Soon'),
('City of God', 'Crime', 'R', 'two boys grow up in a violent Rio de Janeiro favela', 'https://image.tmdb.org/t/p/w500/k7eYdWvhYQyRQoU2TB2A2Xu2grZ.jpg', 'https://www.youtube.com/embed/dcUOao4apOU', 'Coming Soon'),
('Princess Mononoke', 'Animation', 'PG-13', 'a prince mediates war between gods and humans', 'https://image.tmdb.org/t/p/w500/4SFqHDZ1NvWdysucWbgnQjpMGPJ.jpg', 'https://www.youtube.com/embed/4OiMa85hF5A', 'Coming Soon'),
('Whiplash', 'Drama', 'R', 'a young drummer pursues greatness under a ruthless instructor', 'https://image.tmdb.org/t/p/w500/7fn624j5lj3xTme2SgiLCeuedmO.jpg', 'https://www.youtube.com/embed/7d_jQycdQGo', 'Coming Soon');

INSERT INTO Showtime (movie_id, show_date, show_time)
VALUES 
(1, '2026-03-05', '14:00:00'), (1, '2026-03-05', '17:00:00'), (1, '2026-03-05', '20:00:00'),
(2, '2026-03-05', '14:00:00'), (2, '2026-03-05', '20:00:00'),
(3, '2026-03-05', '13:00:00'), (3, '2026-03-05', '19:00:00'),
(4, '2026-03-05', '11:00:00'), (4, '2026-03-05', '15:00:00'),
(5, '2026-03-05', '12:00:00'), (5, '2026-03-05', '18:00:00');
